Month,Organic Sessions
1/1/14,144217
2/1/14,156374
3/1/14,176416
4/1/14,182978
5/1/14,174032
6/1/14,174129
7/1/14,197103
8/1/14,180033
9/1/14,191700
10/1/14,196871
11/1/14,237982
12/1/14,206609
1/1/15,251927
2/1/15,243225
3/1/15,271287
4/1/15,277962
5/1/15,284606
6/1/15,314751
7/1/15,317597
8/1/15,321638
9/1/15,336796
10/1/15,381121
11/1/15,346087
12/1/15,323950
1/1/16,432491
2/1/16,438148
3/1/16,492964
4/1/16,497714
5/1/16,503518
6/1/16,518628
7/1/16,495984
8/1/16,550032
9/1/16,560869
10/1/16,578403
11/1/16,551371
12/1/16,487392
1/1/17,589791
2/1/17,537567
3/1/17,598358
4/1/17,553789
5/1/17,613503
6/1/17,545310
7/1/17,513433
8/1/17,531702
9/1/17,522966
10/1/17,553064
11/1/17,552756
12/1/17,451144
1/1/18,577146
2/1/18,547037
3/1/18,624663
4/1/18,604150
5/1/18,618746
6/1/18,575822
